{
	"info": {
		"_postman_id": "ef5f7355-d7f0-4a96-90e0-03741eab1977",
		"name": "Ericsson Assignment",
		"schema": "https://schema.getpostman.com/json/collection/v2.1.0/collection.json"
	},
	"item": [
		{
			"name": "Add",
			"request": {
				"method": "POST",
				"header": [
					{
						"key": "Accept-Encoding",
						"value": "application/json",
						"type": "default"
					}
				],
				"body": {
					"mode": "raw",
					"raw": "{\r\n    \"id\":1,\r\n    \"name\": \"Alican Beydemir\",\r\n    \"msisdn\":\"05372054219\"\r\n}",
					"options": {
						"raw": {
							"language": "json"
						}
					}
				},
				"url": {
					"raw": "http://localhost:8080/subscriber",
					"protocol": "http",
					"host": [
						"localhost"
					],
					"port": "8080",
					"path": [
						"subscriber"
					]
				}
			},
			"response": []
		},
		{
			"name": "Update",
			"request": {
				"method": "PUT",
				"header": [],
				"body": {
					"mode": "raw",
					"raw": "{\r\n    \"id\":4,\r\n    \"name\": \"Alican Kamil Beydemir\",\r\n    \"msisdn\":\"05372054220\"\r\n}",
					"options": {
						"raw": {
							"language": "json"
						}
					}
				},
				"url": {
					"raw": "localhost:8080/subscriber",
					"host": [
						"localhost"
					],
					"port": "8080",
					"path": [
						"subscriber"
					]
				}
			},
			"response": []
		},
		{
			"name": "Delete",
			"request": {
				"method": "DELETE",
				"header": [],
				"body": {
					"mode": "raw",
					"raw": "{\r\n    \"id\":5,\r\n    \"name\": \"Alican Beydemir\",\r\n    \"msisdn\":\"05372054219\"\r\n}",
					"options": {
						"raw": {
							"language": "json"
						}
					}
				},
				"url": {
					"raw": "localhost:8080/subscriber",
					"host": [
						"localhost"
					],
					"port": "8080",
					"path": [
						"subscriber"
					]
				}
			},
			"response": []
		}
	]
}